微,博,官,方,认,证,毛,笋,被,表,扬,九,十,公,斤,"
"
微,博,官,方,认,证,科,小,你,被,点,名,脸,最,大,哈,哈,哈,"
"
微,博,官,方,认,证,一,会,儿,将,为,大,家,直,播,成,都,大,熊,猫,繁,育,研,究,基,地,谭,爷,爷,钓,猫,"
"
微,博,官,方,认,证,孔,雀,走,地,鸡,沈,王,爷,"
"
微,博,官,方,认,证,张,猫,也,来,啦,"
"
微,博,官,方,认,证,现,在,看,到,的,是,谭,爷,爷,平,日,的,工,作,日,常,"
"
微,博,官,方,认,证,今,天,毛,笋,是,彩,蛋,啊,"
"
微,博,官,方,认,证,奇,一,空,降,下,来,吧,"
"
微,博,官,方,认,证,听,的,爷,爷,一,声,吼,基,地,熊,猫,遍,地,走,"
"
微,博,官,方,认,证,大,家,好,欢,迎,收,看,滚,滚,直,播,"
"
微,博,官,方,认,证,禁,止,投,喂,大,声,喧,哗,禁,止,闪,光,拍,照,"
"
微,博,官,方,认,证,毛,笋,可,爱,"
"
微,博,官,方,认,证,爷,爷,走,路,好,快,"
"
微,博,官,方,认,证,每,天,爷,爷,都,会,给,滚,滚,冲,水,"
"
微,博,官,方,认,证,斤,高,高,的,"
"
微,博,官,方,认,证,爷,爷,在,炫,耀,认,半,天,就,能,记,住,脸,"
"
微,博,官,方,认,证,我,也,很,好,奇,周,二,怎,么,这,么,多,人,闲,"
"
微,博,官,方,认,证,走,地,鸡,抢,镜,"
"
微,博,官,方,认,证,快,问,快,答,基,地,三,傻,是,"
"
微,博,官,方,认,证,科,小,最,重,"
"
微,博,官,方,认,证,想,问,谭,爷,爷,的,问,题,甩,过,来,"
"
微,博,官,方,认,证,基,地,人,多,信,号,不,太,稳,大,家,稍,等,谢,谢,"
"
微,博,官,方,认,证,挂,树,毛,笋,下,树,吃,饭,"
"
欢,迎,收,看,科,学,养,猪,节,目,今,天,为,大,家,请,到,的,是,谭,大,爷,"
"
想,我,们,家,奥,莉,奥,了,"
"
回,复,七,仔,心,上,熊,七,仔,心,上,熊,谭,奶,爸,级,开,始,的,时,候,养,了,七,只,幼,年,熊,大,家,叫,做,七,小,组,合,大,家,都,打,趣,说,是,葫,芦,娃,和,爷,爷,所,以,就,开,始,叫,谭,爷,爷,笑,笑,"
"
淼,淼,从,小,不,爱,回,家,哈,哈,哈,"
"
那,么,年,轻,哪,里,像,爷,爷,了,"
"
微,博,官,方,认,证,喝,一,下,自,家,洗,澡,水,"
"
微,博,官,方,认,证,爷,爷,说,级,的,还,可,以,还,可,以,"
"
铁,打,的,爷,爷,流,水,的,猫,"
"
微,博,官,方,认,证,下,午,还,要,给,滚,滚,做,采,血,训,练,"
"
疯,狂,婚,礼,季,养,大,熊,猫,跟,养,猪,是,一,样,一,样,的,"
"
微,博,官,方,认,证,天,气,热,了,脱,秋,裤,"
"
微,博,官,方,认,证,爷,爷,面,对,直,播,镜,头,还,是,腼,腆,的,"
"
疯,狂,婚,礼,季,功,夫,熊,猫,里,面,的,孔,雀,貌,似,叫,沈,王,爷,"
"
啥,时,去,二,号,别,墅,看,看,其,余,三,个,"
"
微,博,官,方,认,证,青,团,闪,闪,"
"
微,博,官,方,认,证,文,明,观,看,大,熊,猫,"
"
微,博,官,方,认,证,手,动,为,爷,爷,"
"
微,博,官,方,认,证,仰,天,长,啸,呼,噜,"
"
微,博,官,方,认,证,科,大,比,较,白,"
"
微,博,官,方,认,证,这,么,远,都,听,得,见,爷,爷,的,呼,唤,"
"
微,博,官,方,认,证,再,多,吃,两,口,庆,贺,下,"
"
微,博,官,方,认,证,毛,笋,遭,到,表,扬,心,情,阳,光,"
"
微,博,官,方,认,证,声,音,开,大,一,点,就,好,了,"
"
微,博,官,方,认,证,爷,爷,一,天,的,工,作,很,繁,忙,"
"
微,博,官,方,认,证,果,赖,过,来,"
"
天,天,看,熊,猫,喝,盆,盆,奶,搞,得,我,怒,买,两,罐,奶,粉,在,家,喝,"
"
回,复,信,的,恋,人,一,生,的,恋,人,信,的,恋,人,一,生,的,恋,人,这,里,所,有,的,孔,雀,都,叫,沈,王,爷,别,名,走,地,鸡,"
"
回,复,熊,猫,频,道,熊,猫,频,道,么,么,二,庆,大,庆,小,"
"
笋,妹,跑,起,来,的,时,候,朵,朵,好,可,爱,啊,"
"
还,想,问,谭,大,爷,自,己,曾,经,养,过,的,熊,孩,子,升,班,后,还,会,继,续,关,注,吗,"
"
姜,太,公,钓,熊,"
"
竿,子,这,个,梗,哈,哈,哈,哈,哈,"
"
不,是,谭,大,爷,是,谭,爷,爷,这,主,持,人,太,不,会,说,了,爷,爷,是,昵,称,大,爷,就,显,得,好,老,了,二,哈,二,哈,"
"
上,个,月,底,过,去,基,地,见,到,了,谭,爷,爷,喊,了,他,一,声,超,级,亲,切,的,太,开,心,太,开,心,"
"
回,复,小,米,饭,小,米,饭,米,饭,胖,子,那,届,葫,芦,娃,的,爷,爷,"
"
疯,狂,婚,礼,季,记,得,下,次,直,播,要,抱,着,奇,小,方,哈,哈,哈,"
"
回,复,张,猫,要,练,嘴,皮,子,张,猫,要,练,嘴,皮,子,和,奥,总,圆,润,在,熊,猫,谷,"
"
"
"
果,赖,果,赖,"
"
刚,吃,完,东,西,不,能,剧,烈,运,动,"
"
疯,狂,婚,礼,季,回,复,诗,词,苑,诗,词,苑,同,求,"
"
疯,狂,婚,礼,季,回,复,诗,词,苑,诗,词,苑,已,经,恢,复,我,的,刚,也,抽,疯,了,"
"
淼,淼,果,来,果,来,"
"
来,了,来,了,"
"
来,这,里,使,劲,儿,戳,"
"
毛,笋,怎,么,看,着,像,猪,哈,哈,"
"
成,都,清,明,必,须,下,雨,啊,"
"
跟,你,讲,当,年,喊,成,双,谭,爷,爷,喊,了,半,天,我,听,成,酸,爽,黑,线,黑,线,"
"
"
"
现,在,可,以,发,评,论,么,"
"
想,问,下,平,时,也,是,这,样,钓,鱼,式,的,喂,食,吗,还,是,直,接,拿,进,去,给,宝,宝,们,吃,"
"
我,只,认,识,小,灰,灰,"
"
按,住,"
"
竹,子,怎,么,插,进,去,的,啊,"
"
不,提,大,名,还,可,以,做,朋,友,"
"
果,赖,果,赖,果,赖,果,赖,"
"
辛,苦,的,谭,师,傅,我,最,心,爱,的,级,的,小,猫,就,是,你,带,大,的,感,谢,"
"
没,有,冷,漠,哈,哈,哈,"
"
"
"
每,次,都,要,把,竹,子,插,起,来,是,有,什,么,用,呢,"
"
大,家,字,幕,有,被,挡,着,吗,"
"
可,是,猪,没,有,滚,滚,会,吃,呀,"
"
终,于,看,到,近,距,离,的,毛,笋,了,"
"
你,这,么,可,爱,你,知,道,吗,"
"
请,问,熊,猫,的,窝,头,人,能,吃,吗,"
"
毛,笋,的,肚,子,好,白,哟,"
"
每,一,只,滚,滚,都,好,可,爱,"
"
开,头,我,看,见,福,顺,那,个,搞,事,情,的,网,红,了,"
"
吓,一,跳,突,然,出,现,评,论,"
"
我,要,去,做,晚,饭,了,"
"
往,后,怎,么,没,法,看,"
"
喊,人,也,是,过,来,过,来,"
"
好,久,没,见,肥,灰,了,"
"
哈,哈,哈,哈,好,笑,好,可,愛,喔,哈,哈,哈,哈,哈,哈,哈,哈,笑,笑,笑,笑,"
"
谭,爷,爷,人,超,级,"
"
